,142,145,141,141,141,141,146,142,142,144
cases,inorder,reverse,rand(seed=0),rand(seed=1),rand(seed=2),freq,cf_inorder,cf_rand(seed=0),cf_rand(seed=1),cf_rand(seed=2)
139442p1,unsafe,unsafe,unsafe,unsafe,unsafe,unsafe,unsafe,unsafe,unsafe,unsafe
139443p5,unsafe,unsafe,unsafe,unsafe,unsafe,unsafe,unsafe,unsafe,unsafe,unsafe
139444p22,unsafe,unsafe,unsafe,unsafe,unsafe,unsafe,unsafe,unsafe,unsafe,unsafe
6s13,timeout,timeout,timeout,timeout,timeout,timeout,timeout,timeout,timeout,timeout
6s149,unsafe,timeout,timeout,timeout,timeout,unsafe,timeout,timeout,timeout,unsafe
6s184,timeout,timeout,timeout,timeout,timeout,timeout,timeout,timeout,timeout,timeout
6s20,unsafe,unsafe,unsafe,unsafe,unsafe,unsafe,unsafe,unsafe,unsafe,unsafe
6s207rb28,unsafe,unsafe,timeout,timeout,timeout,unsafe,unsafe,unsafe,unsafe,unsafe
6s210b037,unsafe,unsafe,unsafe,unsafe,unsafe,unsafe,unsafe,unsafe,unsafe,unsafe
6s215rb0,unsafe,unsafe,unsafe,unsafe,unsafe,unsafe,unsafe,unsafe,unsafe,unsafe
6s216rb0,unsafe,unsafe,unsafe,unsafe,unsafe,unsafe,unsafe,unsafe,unsafe,unsafe
6s218b2950,timeout,timeout,timeout,timeout,timeout,timeout,timeout,timeout,timeout,timeout
6s284rb1,unsafe,unsafe,unsafe,unsafe,unsafe,unsafe,unsafe,unsafe,unsafe,unsafe
6s301rb106,unsafe,unsafe,timeout,timeout,timeout,unsafe,unsafe,timeout,timeout,timeout
6s309b046,unsafe,unsafe,unsafe,unsafe,unsafe,unsafe,unsafe,unsafe,unsafe,unsafe
6s31,unsafe,unsafe,unsafe,unsafe,unsafe,unsafe,unsafe,unsafe,unsafe,unsafe
6s319r,timeout,unsafe,timeout,timeout,timeout,timeout,unsafe,unsafe,unsafe,timeout
6s320rb0,unsafe,unsafe,unsafe,unsafe,unsafe,unsafe,unsafe,unsafe,unsafe,unsafe
6s320rb1,unsafe,unsafe,unsafe,unsafe,unsafe,unsafe,unsafe,unsafe,unsafe,unsafe
6s329rb19,timeout,timeout,timeout,timeout,timeout,timeout,timeout,timeout,timeout,unsafe
6s339rb19,unsafe,unsafe,unsafe,unsafe,timeout,unsafe,unsafe,unsafe,unsafe,unsafe
6s339rb22,unsafe,unsafe,unsafe,unsafe,unsafe,unsafe,unsafe,unsafe,unsafe,unsafe
6s350rb35,unsafe,unsafe,unsafe,unsafe,unsafe,unsafe,unsafe,unsafe,unsafe,unsafe
6s350rb46,unsafe,unsafe,unsafe,unsafe,unsafe,unsafe,unsafe,unsafe,unsafe,unsafe
6s357r,unsafe,unsafe,unsafe,unsafe,unsafe,unsafe,unsafe,unsafe,unsafe,unsafe
6s374b029,unsafe,unsafe,unsafe,unsafe,unsafe,unsafe,unsafe,unsafe,unsafe,unsafe
6s380b511,unsafe,unsafe,unsafe,unsafe,unsafe,unsafe,unsafe,unsafe,unsafe,unsafe
6s389b02,unsafe,unsafe,unsafe,unsafe,unsafe,unsafe,unsafe,unsafe,unsafe,unsafe
6s401rb051,timeout,timeout,timeout,timeout,timeout,timeout,timeout,timeout,timeout,timeout
6s41,timeout,timeout,timeout,timeout,timeout,timeout,timeout,timeout,timeout,timeout
6s54,timeout,unsafe,timeout,timeout,timeout,timeout,unsafe,timeout,timeout,unsafe
abp4p2ff,unsafe,unsafe,unsafe,unsafe,unsafe,unsafe,unsafe,unsafe,unsafe,unsafe
bc57sensorsp0,unsafe,unsafe,unsafe,unsafe,unsafe,unsafe,unsafe,unsafe,unsafe,unsafe
bc57sensorsp1,unsafe,unsafe,unsafe,unsafe,unsafe,unsafe,unsafe,unsafe,unsafe,unsafe
bc57sensorsp1neg,unsafe,unsafe,unsafe,unsafe,unsafe,unsafe,unsafe,unsafe,unsafe,unsafe
bc57sensorsp2,unsafe,unsafe,unsafe,unsafe,unsafe,unsafe,unsafe,unsafe,unsafe,unsafe
beemadd4b1,unsafe,unsafe,unsafe,unsafe,unsafe,unsafe,unsafe,unsafe,unsafe,unsafe
beemextnc3f1,unsafe,timeout,timeout,timeout,unsafe,unsafe,unsafe,timeout,timeout,unsafe
beemlmprt8f1,unsafe,unsafe,unsafe,unsafe,unsafe,unsafe,unsafe,unsafe,unsafe,unsafe
beempgsol5b1,timeout,timeout,timeout,timeout,timeout,timeout,timeout,timeout,timeout,timeout
beemprdcell2f1,unsafe,unsafe,unsafe,unsafe,unsafe,unsafe,unsafe,unsafe,unsafe,unsafe
bj08amba2g4f3,unsafe,unsafe,unsafe,unsafe,unsafe,unsafe,unsafe,unsafe,unsafe,unsafe
bj08vendingcycle,unsafe,unsafe,unsafe,unsafe,unsafe,unsafe,unsafe,unsafe,unsafe,unsafe
bob12s03,timeout,timeout,timeout,timeout,timeout,timeout,timeout,timeout,timeout,timeout
bob9234spec4neg,unsafe,unsafe,unsafe,unsafe,unsafe,unsafe,unsafe,unsafe,unsafe,unsafe
bob9234spec5neg,unsafe,unsafe,unsafe,unsafe,unsafe,unsafe,unsafe,unsafe,unsafe,unsafe
bob9234spec6neg,unsafe,unsafe,unsafe,unsafe,unsafe,unsafe,unsafe,unsafe,unsafe,unsafe
bobmiterbm1or,unsafe,unsafe,unsafe,unsafe,unsafe,unsafe,unsafe,unsafe,unsafe,unsafe
bobsynth13,unsafe,unsafe,unsafe,unsafe,unsafe,unsafe,unsafe,unsafe,unsafe,unsafe
bobsynthetic2,unsafe,unsafe,unsafe,unsafe,unsafe,unsafe,unsafe,unsafe,unsafe,unsafe
bobsynthor,unsafe,unsafe,unsafe,unsafe,unsafe,unsafe,unsafe,unsafe,unsafe,unsafe
bobtuint24,unsafe,unsafe,unsafe,unsafe,unsafe,unsafe,unsafe,unsafe,unsafe,unsafe
bobtuttt,unsafe,unsafe,unsafe,unsafe,unsafe,unsafe,unsafe,unsafe,unsafe,unsafe
brpp1,unsafe,unsafe,unsafe,unsafe,unsafe,unsafe,unsafe,unsafe,unsafe,unsafe
counterp0,unsafe,unsafe,unsafe,unsafe,unsafe,unsafe,unsafe,unsafe,unsafe,unsafe
csmacdp2,unsafe,unsafe,unsafe,unsafe,unsafe,unsafe,unsafe,unsafe,unsafe,unsafe
dme6p1,unsafe,unsafe,unsafe,unsafe,unsafe,unsafe,unsafe,unsafe,unsafe,unsafe
dme6p1neg,unsafe,unsafe,unsafe,unsafe,unsafe,unsafe,unsafe,unsafe,unsafe,unsafe
intel009,timeout,timeout,unsafe,unsafe,unsafe,timeout,timeout,unsafe,unsafe,timeout
intel017,unsafe,unsafe,unsafe,unsafe,unsafe,unsafe,unsafe,unsafe,unsafe,unsafe
intel035,unsafe,unsafe,unsafe,unsafe,unsafe,unsafe,unsafe,unsafe,unsafe,unsafe
intel036,unsafe,unsafe,unsafe,unsafe,unsafe,unsafe,unsafe,unsafe,unsafe,unsafe
intel038,timeout,unsafe,unsafe,unsafe,unsafe,timeout,unsafe,timeout,timeout,unsafe
intel039,unsafe,unsafe,unsafe,unsafe,unsafe,unsafe,unsafe,unsafe,unsafe,unsafe
intel040,unsafe,unsafe,unsafe,unsafe,unsafe,unsafe,unsafe,unsafe,unsafe,unsafe
intel042,timeout,timeout,timeout,timeout,timeout,timeout,timeout,timeout,timeout,timeout
intel043,unsafe,unsafe,unsafe,unsafe,unsafe,unsafe,unsafe,unsafe,unsafe,unsafe
intel046,timeout,timeout,timeout,timeout,timeout,timeout,timeout,timeout,timeout,timeout
intel047,unsafe,timeout,unsafe,unsafe,timeout,timeout,timeout,timeout,timeout,timeout
irstdme5,unsafe,unsafe,unsafe,unsafe,unsafe,unsafe,unsafe,unsafe,unsafe,unsafe
irstdme6,unsafe,unsafe,unsafe,unsafe,unsafe,unsafe,unsafe,unsafe,unsafe,unsafe
mentorbm1and,unsafe,unsafe,unsafe,unsafe,unsafe,unsafe,unsafe,unsafe,unsafe,unsafe
mutexp0,unsafe,unsafe,unsafe,unsafe,unsafe,unsafe,unsafe,unsafe,unsafe,unsafe
oski15a01b01s,timeout,timeout,timeout,timeout,timeout,timeout,timeout,timeout,timeout,timeout
oski15a01b03s,timeout,timeout,timeout,timeout,unsafe,timeout,timeout,timeout,timeout,timeout
oski15a01b07s,unsafe,unsafe,unsafe,unsafe,unsafe,unsafe,unsafe,unsafe,unsafe,unsafe
oski15a01b09s,unsafe,unsafe,unsafe,unsafe,unsafe,unsafe,unsafe,unsafe,unsafe,unsafe
oski15a01b13s,timeout,unsafe,timeout,timeout,unsafe,timeout,timeout,timeout,timeout,timeout
oski15a01b15s,unsafe,unsafe,unsafe,unsafe,unsafe,unsafe,unsafe,unsafe,unsafe,unsafe
oski15a01b17s,unsafe,unsafe,unsafe,unsafe,unsafe,unsafe,unsafe,unsafe,unsafe,unsafe
oski15a01b19s,timeout,unsafe,timeout,timeout,timeout,timeout,unsafe,timeout,timeout,unsafe
oski15a01b21s,unsafe,unsafe,unsafe,unsafe,unsafe,unsafe,unsafe,unsafe,unsafe,unsafe
oski15a01b23s,unsafe,unsafe,unsafe,unsafe,unsafe,unsafe,unsafe,unsafe,unsafe,unsafe
oski15a01b25s,unsafe,unsafe,unsafe,unsafe,unsafe,unsafe,unsafe,unsafe,unsafe,unsafe
oski15a01b27s,unsafe,unsafe,unsafe,unsafe,unsafe,unsafe,unsafe,unsafe,unsafe,unsafe
oski15a01b29s,unsafe,unsafe,unsafe,unsafe,unsafe,unsafe,unsafe,unsafe,unsafe,unsafe
oski15a01b31s,unsafe,unsafe,unsafe,unsafe,unsafe,unsafe,unsafe,unsafe,unsafe,unsafe
oski15a01b33s,unsafe,unsafe,unsafe,unsafe,unsafe,unsafe,unsafe,unsafe,unsafe,unsafe
oski15a01b35s,unsafe,unsafe,unsafe,unsafe,unsafe,unsafe,unsafe,unsafe,unsafe,unsafe
oski15a01b37s,unsafe,unsafe,unsafe,unsafe,unsafe,unsafe,unsafe,unsafe,unsafe,unsafe
oski15a01b39s,unsafe,unsafe,unsafe,unsafe,unsafe,unsafe,unsafe,unsafe,unsafe,unsafe
oski15a01b41s,timeout,timeout,unsafe,unsafe,timeout,timeout,unsafe,timeout,timeout,timeout
oski15a01b43s,timeout,unsafe,timeout,timeout,timeout,timeout,unsafe,unsafe,unsafe,unsafe
oski15a01b45s,timeout,timeout,timeout,timeout,timeout,timeout,timeout,timeout,timeout,unsafe
oski15a01b47s,unsafe,unsafe,unsafe,unsafe,unsafe,unsafe,unsafe,unsafe,unsafe,unsafe
oski15a01b49s,unsafe,unsafe,unsafe,unsafe,unsafe,unsafe,unsafe,unsafe,unsafe,unsafe
oski15a01b51s,timeout,timeout,timeout,timeout,timeout,timeout,timeout,timeout,timeout,timeout
oski15a01b53s,timeout,timeout,timeout,timeout,timeout,timeout,timeout,timeout,timeout,timeout
oski15a01b55s,unsafe,unsafe,unsafe,unsafe,unsafe,unsafe,unsafe,unsafe,unsafe,unsafe
oski15a01b57s,unsafe,unsafe,unsafe,unsafe,unsafe,unsafe,unsafe,unsafe,unsafe,unsafe
oski15a01b59s,timeout,unsafe,timeout,timeout,timeout,timeout,unsafe,timeout,timeout,timeout
oski15a01b61s,unsafe,unsafe,unsafe,unsafe,unsafe,unsafe,unsafe,unsafe,unsafe,unsafe
oski15a01b63s,unsafe,unsafe,unsafe,unsafe,unsafe,unsafe,unsafe,unsafe,unsafe,unsafe
oski15a01b65s,unsafe,unsafe,unsafe,unsafe,unsafe,unsafe,unsafe,unsafe,unsafe,unsafe
oski15a01b67s,unsafe,unsafe,unsafe,unsafe,unsafe,unsafe,unsafe,unsafe,unsafe,unsafe
oski15a01b69s,unsafe,unsafe,unsafe,unsafe,unsafe,unsafe,unsafe,unsafe,unsafe,unsafe
oski15a01b70s,timeout,timeout,timeout,timeout,timeout,timeout,timeout,timeout,timeout,timeout
oski15a01b71s,unsafe,unsafe,unsafe,unsafe,unsafe,unsafe,unsafe,unsafe,unsafe,unsafe
oski15a01b73s,unsafe,unsafe,unsafe,unsafe,unsafe,unsafe,unsafe,unsafe,unsafe,unsafe
oski15a01b75s,unsafe,unsafe,unsafe,unsafe,unsafe,unsafe,unsafe,unsafe,unsafe,unsafe
oski15a01b77s,unsafe,unsafe,unsafe,unsafe,unsafe,unsafe,unsafe,unsafe,unsafe,unsafe
oski15a01b79s,unsafe,unsafe,unsafe,unsafe,unsafe,unsafe,unsafe,unsafe,unsafe,unsafe
oski15a07b1s,unsafe,unsafe,unsafe,unsafe,unsafe,unsafe,unsafe,unsafe,unsafe,unsafe
oski15a07b3s,unsafe,unsafe,unsafe,unsafe,unsafe,unsafe,unsafe,unsafe,unsafe,unsafe
oski15a07b5s,unsafe,unsafe,unsafe,unsafe,unsafe,unsafe,unsafe,unsafe,unsafe,unsafe
oski15a08b01s,unsafe,unsafe,unsafe,unsafe,unsafe,unsafe,unsafe,unsafe,unsafe,unsafe
oski15a08b03s,unsafe,unsafe,unsafe,unsafe,unsafe,unsafe,unsafe,unsafe,unsafe,unsafe
oski15a08b05s,unsafe,unsafe,unsafe,unsafe,unsafe,unsafe,unsafe,unsafe,unsafe,unsafe
oski15a08b07s,timeout,timeout,timeout,timeout,timeout,timeout,timeout,timeout,timeout,timeout
oski15a08b09s,timeout,timeout,timeout,timeout,timeout,timeout,timeout,timeout,timeout,timeout
oski15a08b11s,unsafe,unsafe,unsafe,unsafe,unsafe,unsafe,unsafe,unsafe,unsafe,unsafe
oski15a08b13s,unsafe,unsafe,unsafe,unsafe,unsafe,unsafe,unsafe,unsafe,unsafe,unsafe
oski15a08b14s,unsafe,unsafe,unsafe,unsafe,unsafe,unsafe,unsafe,timeout,timeout,timeout
oski15a08b15s,unsafe,timeout,timeout,timeout,unsafe,unsafe,timeout,unsafe,unsafe,unsafe
oski15a08b16s,unsafe,unsafe,unsafe,unsafe,unsafe,unsafe,unsafe,unsafe,unsafe,unsafe
oski15a08b17s,unsafe,unsafe,unsafe,unsafe,unsafe,unsafe,unsafe,unsafe,unsafe,unsafe
oski15a10b01s,unsafe,unsafe,unsafe,unsafe,unsafe,unsafe,unsafe,unsafe,unsafe,unsafe
oski15a10b03s,unsafe,unsafe,unsafe,unsafe,unsafe,unsafe,unsafe,unsafe,unsafe,unsafe
oski15a10b05s,unsafe,unsafe,unsafe,unsafe,unsafe,unsafe,unsafe,unsafe,unsafe,unsafe
oski15a10b07s,unsafe,timeout,timeout,timeout,timeout,unsafe,unsafe,unsafe,unsafe,unsafe
oski15a10b09s,timeout,timeout,timeout,timeout,timeout,timeout,unsafe,unsafe,unsafe,timeout
oski15a10b11s,timeout,timeout,unsafe,unsafe,timeout,timeout,timeout,unsafe,unsafe,unsafe
oski15a10b13s,unsafe,unsafe,unsafe,unsafe,unsafe,unsafe,unsafe,unsafe,unsafe,unsafe
oski15a10b14s,timeout,unsafe,unsafe,unsafe,unsafe,timeout,timeout,timeout,timeout,timeout
oski15a10b15s,unsafe,unsafe,unsafe,unsafe,unsafe,unsafe,unsafe,unsafe,unsafe,unsafe
oski15a10b17s,unsafe,unsafe,unsafe,unsafe,unsafe,unsafe,unsafe,unsafe,unsafe,unsafe
oski15a14b01s,unsafe,unsafe,unsafe,unsafe,unsafe,unsafe,unsafe,unsafe,unsafe,unsafe
oski15a14b03s,unsafe,unsafe,unsafe,unsafe,unsafe,unsafe,unsafe,unsafe,unsafe,unsafe
oski15a14b05s,unsafe,unsafe,unsafe,unsafe,unsafe,unsafe,unsafe,unsafe,unsafe,unsafe
oski15a14b07s,unsafe,unsafe,unsafe,unsafe,unsafe,unsafe,unsafe,unsafe,unsafe,unsafe
oski15a14b09s,unsafe,unsafe,unsafe,unsafe,unsafe,unsafe,unsafe,unsafe,unsafe,unsafe
oski15a14b11s,unsafe,unsafe,unsafe,unsafe,unsafe,unsafe,unsafe,unsafe,unsafe,unsafe
oski15a14b13s,unsafe,unsafe,unsafe,unsafe,unsafe,unsafe,unsafe,unsafe,unsafe,unsafe
oski15a14b15s,unsafe,unsafe,unsafe,unsafe,unsafe,unsafe,unsafe,unsafe,unsafe,unsafe
oski15a14b17s,unsafe,unsafe,unsafe,unsafe,unsafe,unsafe,unsafe,unsafe,unsafe,unsafe
oski15a14b19s,unsafe,unsafe,unsafe,unsafe,unsafe,unsafe,unsafe,unsafe,unsafe,unsafe
oski15a14b21s,unsafe,unsafe,unsafe,unsafe,unsafe,unsafe,unsafe,unsafe,unsafe,unsafe
oski15a14b23s,unsafe,unsafe,unsafe,unsafe,unsafe,unsafe,unsafe,unsafe,unsafe,unsafe
oski15a14b25s,unsafe,unsafe,unsafe,unsafe,unsafe,unsafe,unsafe,unsafe,unsafe,unsafe
oski15a14b27s,unsafe,unsafe,unsafe,unsafe,unsafe,unsafe,unsafe,unsafe,unsafe,unsafe
oski15a14b29s,unsafe,unsafe,unsafe,unsafe,unsafe,unsafe,unsafe,unsafe,unsafe,unsafe
oski15a14b31s,unsafe,unsafe,unsafe,unsafe,unsafe,unsafe,unsafe,unsafe,unsafe,unsafe
oski15a14b33s,unsafe,unsafe,unsafe,unsafe,unsafe,unsafe,unsafe,unsafe,unsafe,unsafe
oski2b1i,unsafe,unsafe,unsafe,unsafe,unsafe,unsafe,unsafe,unsafe,unsafe,unsafe
oski2b3i,unsafe,unsafe,unsafe,unsafe,unsafe,unsafe,unsafe,unsafe,unsafe,unsafe
oski2b4i,unsafe,unsafe,unsafe,unsafe,unsafe,unsafe,timeout,unsafe,unsafe,timeout
oski2b5i,unsafe,unsafe,unsafe,unsafe,unsafe,unsafe,unsafe,unsafe,unsafe,timeout
oski2ub0i,unsafe,unsafe,unsafe,unsafe,unsafe,unsafe,unsafe,unsafe,unsafe,unsafe
oski3b0i,unsafe,unsafe,unsafe,unsafe,unsafe,unsafe,unsafe,unsafe,unsafe,unsafe
oski3b3i,unsafe,unsafe,unsafe,unsafe,unsafe,unsafe,unsafe,unsafe,unsafe,unsafe
pcip1,unsafe,unsafe,unsafe,unsafe,unsafe,unsafe,unsafe,unsafe,unsafe,unsafe
pdtswvibs8x8p0,unsafe,unsafe,unsafe,unsafe,unsafe,unsafe,unsafe,unsafe,unsafe,unsafe
prodcellp0neg,unsafe,unsafe,unsafe,unsafe,unsafe,unsafe,unsafe,unsafe,unsafe,unsafe
prodcellp1,unsafe,unsafe,unsafe,unsafe,unsafe,unsafe,unsafe,unsafe,unsafe,unsafe
prodcellp2neg,unsafe,unsafe,unsafe,unsafe,unsafe,unsafe,unsafe,unsafe,unsafe,unsafe
prodcellp4,unsafe,unsafe,unsafe,unsafe,unsafe,unsafe,unsafe,unsafe,unsafe,unsafe
productioncellp0,unsafe,unsafe,unsafe,unsafe,unsafe,unsafe,unsafe,unsafe,unsafe,unsafe
ringp0,unsafe,unsafe,unsafe,unsafe,unsafe,unsafe,unsafe,unsafe,unsafe,unsafe
srg5ptimo,unsafe,unsafe,unsafe,unsafe,unsafe,unsafe,unsafe,unsafe,unsafe,unsafe
texasifetch1p8,unsafe,unsafe,unsafe,unsafe,unsafe,unsafe,unsafe,unsafe,unsafe,unsafe
texasparsesysp3,unsafe,unsafe,unsafe,unsafe,unsafe,unsafe,unsafe,unsafe,unsafe,unsafe
viselevatorp2,unsafe,unsafe,unsafe,unsafe,unsafe,unsafe,unsafe,unsafe,unsafe,unsafe
oc8051gm03acc,timeout,timeout,timeout,timeout,timeout,timeout,timeout,timeout,timeout,timeout
oc8051gm49acc,timeout,timeout,timeout,timeout,timeout,timeout,timeout,timeout,timeout,timeout
oski15a08b06s,timeout,timeout,timeout,timeout,timeout,timeout,timeout,timeout,timeout,timeout
beembrptwo6b1,timeout,timeout,timeout,timeout,timeout,timeout,timeout,timeout,timeout,timeout
oski15a01b48s,timeout,timeout,timeout,timeout,timeout,timeout,timeout,timeout,timeout,timeout
oski15a01b62s,timeout,timeout,timeout,timeout,timeout,timeout,timeout,timeout,timeout,timeout
oski15a01b42s,timeout,timeout,timeout,timeout,timeout,timeout,timeout,timeout,timeout,timeout
6s179,timeout,timeout,timeout,timeout,timeout,timeout,timeout,timeout,timeout,timeout
6s399b02,timeout,timeout,timeout,timeout,timeout,timeout,timeout,timeout,timeout,timeout
oski15a14b04s,timeout,timeout,timeout,timeout,timeout,timeout,timeout,timeout,timeout,timeout
6s267rb3,timeout,timeout,timeout,timeout,timeout,timeout,timeout,timeout,timeout,timeout
oski15a14b28s,timeout,timeout,timeout,timeout,timeout,timeout,timeout,timeout,timeout,timeout
shift1add262144,timeout,timeout,timeout,timeout,timeout,timeout,timeout,timeout,timeout,timeout
oc8051gmbfpc,timeout,timeout,timeout,timeout,timeout,timeout,timeout,timeout,timeout,timeout
oski15a01b36s,timeout,timeout,timeout,timeout,timeout,timeout,timeout,timeout,timeout,timeout
oski15a08b00s,timeout,timeout,timeout,timeout,timeout,timeout,timeout,timeout,timeout,timeout
6s158,timeout,timeout,timeout,timeout,timeout,timeout,timeout,timeout,timeout,timeout
intel016,timeout,timeout,timeout,timeout,timeout,timeout,timeout,timeout,timeout,timeout
6s195,timeout,timeout,timeout,timeout,timeout,timeout,timeout,timeout,timeout,timeout
oc8051gm81pc,timeout,timeout,timeout,timeout,timeout,timeout,timeout,timeout,timeout,timeout
6s342rb122,timeout,timeout,timeout,timeout,timeout,timeout,timeout,timeout,timeout,timeout
6s316b421,timeout,timeout,timeout,timeout,timeout,timeout,timeout,timeout,timeout,timeout
beempgmprot1f2,timeout,timeout,timeout,timeout,timeout,timeout,timeout,timeout,timeout,timeout
bobsmmem,timeout,timeout,timeout,timeout,timeout,timeout,timeout,timeout,timeout,timeout
oski15a10b12s,timeout,timeout,timeout,timeout,timeout,timeout,timeout,timeout,timeout,timeout
6s22,timeout,timeout,timeout,timeout,timeout,timeout,timeout,timeout,timeout,timeout
intel048,timeout,timeout,timeout,timeout,timeout,timeout,timeout,timeout,timeout,timeout
6s188,timeout,timeout,timeout,timeout,timeout,timeout,timeout,timeout,timeout,timeout
oc8051gme0pc,timeout,timeout,timeout,timeout,timeout,timeout,timeout,timeout,timeout,timeout
eijks1423,timeout,timeout,timeout,timeout,timeout,timeout,timeout,timeout,timeout,timeout
6s310r,timeout,timeout,timeout,timeout,timeout,timeout,timeout,timeout,timeout,timeout
oski15a01b34s,timeout,timeout,timeout,timeout,timeout,timeout,timeout,timeout,timeout,timeout
6s202b41,timeout,timeout,timeout,timeout,timeout,timeout,timeout,timeout,timeout,timeout
oski15a01b32s,timeout,timeout,timeout,timeout,timeout,timeout,timeout,timeout,timeout,timeout
6s514r,timeout,timeout,timeout,timeout,timeout,timeout,timeout,timeout,timeout,timeout
6s39,timeout,timeout,timeout,timeout,timeout,timeout,timeout,timeout,timeout,timeout
intel023,timeout,timeout,timeout,timeout,timeout,timeout,timeout,timeout,timeout,timeout
6s387rb181,timeout,timeout,timeout,timeout,timeout,timeout,timeout,timeout,timeout,timeout
oski1rub01i,timeout,timeout,timeout,timeout,timeout,timeout,timeout,timeout,timeout,timeout
6s351rb02,timeout,timeout,timeout,timeout,timeout,timeout,timeout,timeout,timeout,timeout
oski15a01b06s,timeout,timeout,timeout,timeout,timeout,timeout,timeout,timeout,timeout,timeout
6s187,timeout,timeout,timeout,timeout,timeout,timeout,timeout,timeout,timeout,timeout
6s377r,timeout,timeout,timeout,timeout,timeout,timeout,timeout,timeout,timeout,timeout
intel031,timeout,timeout,timeout,timeout,timeout,timeout,timeout,timeout,timeout,timeout
beemndhm4b3,timeout,timeout,timeout,timeout,timeout,timeout,timeout,timeout,timeout,timeout
6s12,timeout,timeout,timeout,timeout,timeout,timeout,timeout,timeout,timeout,timeout
oski15a01b05s,timeout,timeout,timeout,timeout,timeout,timeout,timeout,timeout,timeout,timeout
6s186,timeout,timeout,timeout,timeout,timeout,timeout,timeout,timeout,timeout,timeout
6s399b03,timeout,timeout,timeout,timeout,timeout,timeout,timeout,timeout,timeout,timeout
oski1rub09i,timeout,timeout,timeout,timeout,timeout,timeout,timeout,timeout,timeout,timeout
6s322rb646,timeout,timeout,timeout,timeout,timeout,timeout,timeout,timeout,timeout,timeout
nusmvdme116,timeout,timeout,timeout,timeout,timeout,timeout,timeout,timeout,timeout,timeout
beemandrsn6b1,timeout,timeout,timeout,timeout,timeout,timeout,timeout,timeout,timeout,timeout
intel025,timeout,timeout,timeout,timeout,timeout,timeout,timeout,timeout,timeout,timeout
6s147,timeout,timeout,timeout,timeout,timeout,timeout,timeout,timeout,timeout,timeout
6s329rb20,timeout,timeout,timeout,timeout,timeout,timeout,timeout,timeout,timeout,timeout
6s394r,timeout,timeout,timeout,timeout,timeout,timeout,timeout,timeout,timeout,timeout
6s38,timeout,timeout,timeout,timeout,timeout,timeout,timeout,timeout,timeout,timeout
oski15a07b0s,timeout,timeout,timeout,timeout,timeout,timeout,timeout,timeout,timeout,timeout
beemskbn2b1,timeout,timeout,timeout,timeout,timeout,timeout,timeout,timeout,timeout,timeout
oc8051gmf2iram,timeout,timeout,timeout,timeout,timeout,timeout,timeout,timeout,timeout,timeout
oski15a01b30s,timeout,timeout,timeout,timeout,timeout,timeout,timeout,timeout,timeout,timeout
6s309b034,timeout,timeout,timeout,timeout,timeout,timeout,timeout,timeout,timeout,timeout
beemldfilt3f1,timeout,timeout,timeout,timeout,timeout,timeout,timeout,timeout,timeout,timeout
6s205b20,timeout,timeout,timeout,timeout,timeout,timeout,timeout,timeout,timeout,timeout
6s35,timeout,timeout,timeout,timeout,timeout,timeout,timeout,timeout,timeout,timeout
6s119,timeout,timeout,timeout,timeout,timeout,timeout,timeout,timeout,timeout,timeout
oc8051gm8apc,timeout,timeout,timeout,timeout,timeout,timeout,timeout,timeout,timeout,timeout
6s413b398,timeout,timeout,timeout,timeout,timeout,timeout,timeout,timeout,timeout,timeout
6s131,timeout,timeout,timeout,timeout,timeout,timeout,timeout,timeout,timeout,timeout
6s393r,timeout,timeout,timeout,timeout,timeout,timeout,timeout,timeout,timeout,timeout
oski15a01b60s,timeout,timeout,timeout,timeout,timeout,timeout,timeout,timeout,timeout,timeout
oski15a07b2s,timeout,timeout,timeout,timeout,timeout,timeout,timeout,timeout,timeout,timeout
oc8051gm06iram,timeout,timeout,timeout,timeout,timeout,timeout,timeout,timeout,timeout,timeout
oski15a01b18s,timeout,timeout,timeout,timeout,timeout,timeout,timeout,timeout,timeout,timeout
intel028,timeout,timeout,timeout,timeout,timeout,timeout,timeout,timeout,timeout,timeout
oski15a14b24s,timeout,timeout,timeout,timeout,timeout,timeout,timeout,timeout,timeout,timeout
6s134,timeout,timeout,timeout,timeout,timeout,timeout,timeout,timeout,timeout,timeout
intel019,timeout,timeout,timeout,timeout,timeout,timeout,timeout,timeout,timeout,timeout
oski15a01b66s,timeout,timeout,timeout,timeout,timeout,timeout,timeout,timeout,timeout,timeout
neclatcas1a001,safe,safe,safe,safe,safe,safe,safe,safe,safe,safe
beemfwt5b3,timeout,timeout,timeout,timeout,timeout,timeout,timeout,timeout,timeout,timeout
6s198,timeout,timeout,timeout,timeout,timeout,timeout,timeout,timeout,timeout,timeout
oski15a01b54s,timeout,timeout,timeout,timeout,timeout,timeout,timeout,timeout,timeout,timeout
ndista262144,timeout,timeout,timeout,timeout,timeout,timeout,timeout,timeout,timeout,timeout
oski15a01b40s,timeout,timeout,timeout,timeout,timeout,timeout,timeout,timeout,timeout,timeout
beemrwtrs2b1,timeout,timeout,timeout,timeout,timeout,timeout,timeout,timeout,timeout,timeout
oc8051gm88iram,timeout,timeout,timeout,timeout,timeout,timeout,timeout,timeout,timeout,timeout
6s16,timeout,timeout,timeout,timeout,timeout,timeout,timeout,timeout,timeout,timeout
oc8051gmadacc,timeout,timeout,timeout,timeout,timeout,timeout,timeout,timeout,timeout,timeout
intel045,timeout,timeout,timeout,timeout,timeout,timeout,timeout,timeout,timeout,timeout
bobsmcodic,timeout,timeout,timeout,timeout,timeout,timeout,timeout,timeout,timeout,timeout
beemfrogs4f1,timeout,timeout,timeout,timeout,timeout,timeout,timeout,timeout,timeout,timeout
eijkbs6669,timeout,timeout,timeout,timeout,timeout,timeout,timeout,timeout,timeout,timeout
6s36,timeout,timeout,timeout,timeout,timeout,timeout,timeout,timeout,timeout,timeout
oski15a01b76s,timeout,timeout,timeout,timeout,timeout,timeout,timeout,timeout,timeout,timeout
oski15a01b38s,timeout,timeout,timeout,timeout,timeout,timeout,timeout,timeout,timeout,timeout
oc8051gm4dacc,timeout,timeout,timeout,timeout,timeout,timeout,timeout,timeout,timeout,timeout
6s292rb037,timeout,timeout,timeout,timeout,timeout,timeout,timeout,timeout,timeout,timeout
oski15a14b10s,timeout,timeout,timeout,timeout,timeout,timeout,timeout,timeout,timeout,timeout
oc8051gm63iram,timeout,timeout,timeout,timeout,timeout,timeout,timeout,timeout,timeout,timeout
6s340rb63,timeout,timeout,timeout,timeout,timeout,timeout,timeout,timeout,timeout,timeout
oski1rub08i,timeout,timeout,timeout,timeout,timeout,timeout,timeout,timeout,timeout,timeout
intel013,timeout,timeout,timeout,timeout,timeout,timeout,timeout,timeout,timeout,timeout
oski15a01b52s,timeout,timeout,timeout,timeout,timeout,timeout,timeout,timeout,timeout,timeout
6s266rb2,timeout,timeout,timeout,timeout,timeout,timeout,timeout,timeout,timeout,timeout
6s280r,timeout,timeout,timeout,timeout,timeout,timeout,timeout,timeout,timeout,timeout
oski15a14b26s,timeout,timeout,timeout,timeout,timeout,timeout,timeout,timeout,timeout,timeout
bobsmfpu,timeout,timeout,timeout,timeout,timeout,timeout,timeout,timeout,timeout,timeout
oc8051gm36addr,timeout,timeout,timeout,timeout,timeout,timeout,timeout,timeout,timeout,timeout
oc8051gm4biram,timeout,timeout,timeout,timeout,timeout,timeout,timeout,timeout,timeout,timeout
oc8051gm3facc,timeout,timeout,timeout,timeout,timeout,timeout,timeout,timeout,timeout,timeout
intel064,timeout,timeout,timeout,timeout,timeout,timeout,timeout,timeout,timeout,timeout
beemcmbrdg7f2,timeout,timeout,timeout,timeout,timeout,timeout,timeout,timeout,timeout,timeout
oc8051gme5iram,timeout,timeout,timeout,timeout,timeout,timeout,timeout,timeout,timeout,timeout
oski15a10b16s,timeout,timeout,timeout,timeout,timeout,timeout,timeout,timeout,timeout,timeout
6s340rb27,timeout,timeout,timeout,timeout,timeout,timeout,timeout,timeout,timeout,timeout
oski15a07b4s,timeout,timeout,timeout,timeout,timeout,timeout,timeout,timeout,timeout,timeout
oc8051gm64pc,timeout,timeout,timeout,timeout,timeout,timeout,timeout,timeout,timeout,timeout
6s122,timeout,timeout,timeout,timeout,timeout,timeout,timeout,timeout,timeout,timeout
oc8051gm7daddr,timeout,timeout,timeout,timeout,timeout,timeout,timeout,timeout,timeout,timeout
6s161,timeout,timeout,timeout,timeout,timeout,timeout,timeout,timeout,timeout,timeout
beemcmbrdg1f1,safe,timeout,safe,safe,timeout,safe,timeout,safe,safe,safe
oski15a01b02s,timeout,timeout,timeout,timeout,timeout,timeout,timeout,timeout,timeout,timeout
6s204b19,timeout,timeout,timeout,timeout,timeout,timeout,timeout,timeout,timeout,timeout
6s194,timeout,timeout,timeout,timeout,timeout,timeout,timeout,timeout,timeout,timeout
oski15a01b46s,timeout,timeout,timeout,timeout,timeout,timeout,timeout,timeout,timeout,timeout
6s105,timeout,timeout,timeout,timeout,timeout,timeout,timeout,timeout,timeout,timeout
6s351rb15,timeout,timeout,timeout,timeout,timeout,timeout,timeout,timeout,timeout,timeout
oc8051gm2daddr,timeout,timeout,timeout,timeout,timeout,timeout,timeout,timeout,timeout,timeout
oski15a01b44s,timeout,timeout,timeout,timeout,timeout,timeout,timeout,timeout,timeout,timeout
oc8051gm95pc,timeout,timeout,timeout,timeout,timeout,timeout,timeout,timeout,timeout,timeout
oski15a08b10s,timeout,timeout,timeout,timeout,timeout,timeout,timeout,timeout,timeout,timeout
beemlifts3b1,timeout,timeout,timeout,timeout,timeout,timeout,timeout,timeout,timeout,timeout
6s299b685,timeout,timeout,timeout,timeout,timeout,timeout,timeout,timeout,timeout,timeout
oski15a01b12s,timeout,timeout,timeout,timeout,timeout,timeout,timeout,timeout,timeout,timeout
6s316b460,timeout,timeout,timeout,timeout,timeout,timeout,timeout,timeout,timeout,timeout
pdtvisvsa16a29,timeout,timeout,timeout,timeout,timeout,timeout,timeout,timeout,timeout,timeout
oski15a10b10s,timeout,timeout,timeout,timeout,timeout,timeout,timeout,timeout,timeout,timeout
oski15a01b50s,timeout,timeout,timeout,timeout,timeout,timeout,timeout,timeout,timeout,timeout
beemptrsn4b1,timeout,timeout,timeout,timeout,timeout,timeout,timeout,timeout,timeout,timeout
6s398b16,timeout,timeout,timeout,timeout,timeout,timeout,timeout,timeout,timeout,timeout
oc8051gma4pc,timeout,timeout,timeout,timeout,timeout,timeout,timeout,timeout,timeout,timeout
oc8051gm49pc,timeout,timeout,timeout,timeout,timeout,timeout,timeout,timeout,timeout,timeout
6s7,timeout,timeout,timeout,timeout,timeout,timeout,timeout,timeout,timeout,timeout
oski15a08b04s,timeout,timeout,timeout,timeout,timeout,timeout,timeout,timeout,timeout,timeout
oski15a10b02s,timeout,timeout,timeout,timeout,timeout,timeout,timeout,timeout,timeout,timeout
power2eq262144,timeout,timeout,timeout,timeout,timeout,timeout,timeout,timeout,timeout,timeout
oski15a01b64s,timeout,timeout,timeout,timeout,timeout,timeout,timeout,timeout,timeout,timeout
6s185,timeout,timeout,timeout,timeout,timeout,timeout,timeout,timeout,timeout,timeout
6s362rb0,safe,timeout,timeout,safe,timeout,safe,safe,timeout,safe,safe
6s268r,timeout,timeout,timeout,timeout,timeout,timeout,timeout,timeout,timeout,timeout
6s23,timeout,timeout,timeout,timeout,timeout,timeout,timeout,timeout,timeout,timeout
intel012,timeout,timeout,timeout,timeout,timeout,timeout,timeout,timeout,timeout,timeout
6s145,timeout,timeout,timeout,timeout,timeout,timeout,timeout,timeout,timeout,timeout
6s100,timeout,timeout,timeout,timeout,timeout,timeout,timeout,timeout,timeout,timeout
bob12s08,timeout,timeout,timeout,timeout,timeout,timeout,timeout,timeout,timeout,timeout
intel020,timeout,timeout,timeout,timeout,timeout,timeout,timeout,timeout,timeout,timeout
6s128,timeout,timeout,timeout,timeout,timeout,timeout,timeout,timeout,timeout,timeout
6s130,timeout,timeout,timeout,timeout,timeout,timeout,timeout,timeout,timeout,timeout
beemptrsn7f1,timeout,timeout,timeout,timeout,timeout,timeout,timeout,timeout,timeout,timeout
oski15a10b06s,timeout,timeout,timeout,timeout,timeout,timeout,timeout,timeout,timeout,timeout
bobsmmips,timeout,timeout,timeout,timeout,timeout,timeout,timeout,timeout,timeout,timeout
oski15a01b00s,timeout,timeout,timeout,timeout,timeout,timeout,timeout,timeout,timeout,timeout
oc8051gmecacc,timeout,timeout,timeout,timeout,timeout,timeout,timeout,timeout,timeout,timeout
6s42,timeout,timeout,timeout,timeout,timeout,timeout,timeout,timeout,timeout,timeout
oc8051topo08,timeout,timeout,timeout,timeout,timeout,timeout,timeout,timeout,timeout,timeout
oski15a01b08s,timeout,timeout,timeout,timeout,timeout,timeout,timeout,timeout,timeout,timeout
bobsmhdlc3,timeout,timeout,timeout,timeout,timeout,timeout,timeout,timeout,timeout,timeout
oc8051gm43acc,timeout,timeout,timeout,timeout,timeout,timeout,timeout,timeout,timeout,timeout
bob12s06,timeout,timeout,timeout,timeout,timeout,timeout,timeout,timeout,timeout,timeout
oc8051gm3apc,timeout,timeout,timeout,timeout,timeout,timeout,timeout,timeout,timeout,timeout
oski15a01b78s,timeout,timeout,timeout,timeout,timeout,timeout,timeout,timeout,timeout,timeout
6s343b31,timeout,timeout,timeout,timeout,timeout,timeout,timeout,timeout,timeout,timeout
oski15a14b20s,timeout,timeout,timeout,timeout,timeout,timeout,timeout,timeout,timeout,timeout
bobsm38584,timeout,timeout,timeout,timeout,timeout,timeout,timeout,timeout,timeout,timeout
shift1add524288,timeout,timeout,timeout,timeout,timeout,timeout,timeout,timeout,timeout,timeout
6s171,timeout,timeout,timeout,timeout,timeout,timeout,timeout,timeout,timeout,timeout
intel027,timeout,timeout,timeout,timeout,timeout,timeout,timeout,timeout,timeout,timeout
6s160,timeout,timeout,timeout,timeout,timeout,timeout,timeout,timeout,timeout,timeout
beemloyd3b1,timeout,timeout,timeout,timeout,timeout,timeout,timeout,timeout,timeout,timeout
oc8051gm15addr,timeout,timeout,timeout,timeout,timeout,timeout,timeout,timeout,timeout,timeout
beemextnc1f1,safe,safe,safe,safe,timeout,safe,safe,safe,safe,timeout
nusmvdme216,timeout,timeout,timeout,timeout,timeout,timeout,timeout,timeout,timeout,timeout
oski15a14b00s,timeout,timeout,timeout,timeout,timeout,timeout,timeout,timeout,timeout,timeout
oski15a08b12s,timeout,timeout,timeout,timeout,timeout,timeout,timeout,timeout,timeout,timeout
bobpcihm,timeout,timeout,timeout,timeout,timeout,timeout,timeout,timeout,timeout,timeout
beembkry8b1,timeout,timeout,timeout,timeout,timeout,timeout,timeout,timeout,timeout,timeout
intel032,timeout,timeout,timeout,timeout,timeout,timeout,timeout,timeout,timeout,timeout
oski15a01b26s,timeout,timeout,timeout,timeout,timeout,timeout,timeout,timeout,timeout,timeout
beemfwt5b1,timeout,timeout,timeout,timeout,timeout,timeout,timeout,timeout,timeout,timeout
6s279r,timeout,timeout,timeout,timeout,timeout,timeout,timeout,timeout,timeout,timeout
oski1rub02i,timeout,timeout,timeout,timeout,timeout,timeout,timeout,timeout,timeout,timeout
oski15a08b08s,timeout,timeout,timeout,timeout,timeout,timeout,timeout,timeout,timeout,timeout
oski1rub00i,timeout,timeout,timeout,timeout,timeout,timeout,timeout,timeout,timeout,timeout
oski15a01b68s,timeout,timeout,timeout,timeout,timeout,timeout,timeout,timeout,timeout,timeout
6s367r,timeout,timeout,timeout,timeout,timeout,timeout,timeout,timeout,timeout,timeout
6s398b09,timeout,timeout,timeout,timeout,timeout,timeout,timeout,timeout,timeout,timeout
6s204b16,safe,timeout,safe,safe,timeout,timeout,safe,timeout,safe,safe
6s516r,timeout,timeout,timeout,timeout,timeout,timeout,timeout,timeout,timeout,timeout
intel044,timeout,timeout,timeout,timeout,timeout,timeout,timeout,timeout,timeout,timeout
6s392r,timeout,timeout,timeout,timeout,timeout,timeout,timeout,timeout,timeout,timeout
oski15a01b28s,timeout,timeout,timeout,timeout,timeout,timeout,timeout,timeout,timeout,timeout
6s102,timeout,timeout,timeout,timeout,timeout,timeout,timeout,timeout,timeout,timeout
6s274r,timeout,timeout,timeout,timeout,timeout,timeout,timeout,timeout,timeout,timeout
bobsm9234,timeout,timeout,timeout,timeout,timeout,timeout,timeout,timeout,timeout,timeout
6s190,timeout,timeout,timeout,timeout,timeout,timeout,timeout,timeout,timeout,timeout
oski15a14b22s,timeout,timeout,timeout,timeout,timeout,timeout,timeout,timeout,timeout,timeout
pdtpmsretherrtf,safe,safe,safe,timeout,safe,safe,timeout,safe,safe,safe
6s183,timeout,timeout,timeout,timeout,timeout,timeout,timeout,timeout,timeout,timeout
6s45,timeout,timeout,timeout,timeout,timeout,timeout,timeout,timeout,timeout,timeout
6s4,timeout,timeout,timeout,timeout,timeout,timeout,timeout,timeout,timeout,timeout
beemhanoi4b1,timeout,timeout,timeout,timeout,timeout,timeout,timeout,timeout,timeout,timeout
6s177,timeout,timeout,timeout,timeout,timeout,timeout,timeout,timeout,timeout,timeout
6s342rb131,timeout,timeout,timeout,timeout,timeout,timeout,timeout,timeout,timeout,timeout
6s387rb291,timeout,timeout,timeout,timeout,timeout,timeout,timeout,timeout,timeout,timeout
oski15a01b72s,timeout,timeout,timeout,timeout,timeout,timeout,timeout,timeout,timeout,timeout
6s517rb0,timeout,timeout,timeout,timeout,timeout,timeout,timeout,timeout,timeout,timeout
beemrshr4b1,timeout,timeout,timeout,timeout,timeout,timeout,timeout,timeout,timeout,timeout
oc8051gmc5addr,timeout,timeout,timeout,timeout,timeout,timeout,timeout,timeout,timeout,timeout
6s44,timeout,timeout,timeout,timeout,timeout,timeout,timeout,timeout,timeout,timeout
oc8051gmcciram,timeout,timeout,timeout,timeout,timeout,timeout,timeout,timeout,timeout,timeout
6s151,safe,safe,safe,safe,safe,safe,safe,safe,safe,safe
6s359r,timeout,timeout,timeout,timeout,timeout,timeout,timeout,timeout,timeout,timeout
oc8051gmb6acc,timeout,timeout,timeout,timeout,timeout,timeout,timeout,timeout,timeout,timeout
6s407rb296,timeout,timeout,timeout,timeout,timeout,timeout,timeout,timeout,timeout,timeout
oski15a14b30s,timeout,timeout,timeout,timeout,timeout,timeout,timeout,timeout,timeout,timeout
intel014,timeout,timeout,timeout,timeout,timeout,timeout,timeout,timeout,timeout,timeout
6s376r,timeout,timeout,timeout,timeout,timeout,timeout,timeout,timeout,timeout,timeout
beemkrebs4b1,timeout,timeout,timeout,timeout,timeout,timeout,timeout,timeout,timeout,timeout
bob12s02,timeout,timeout,timeout,timeout,timeout,timeout,timeout,timeout,timeout,timeout
6s203b41,timeout,timeout,timeout,timeout,timeout,timeout,timeout,timeout,timeout,timeout
oski15a10b04s,timeout,timeout,timeout,timeout,timeout,timeout,timeout,timeout,timeout,timeout
6s163,timeout,timeout,timeout,timeout,timeout,timeout,timeout,timeout,timeout,timeout
6s33,timeout,timeout,timeout,timeout,timeout,timeout,timeout,timeout,timeout,timeout
beemldfilt7b1,timeout,timeout,timeout,timeout,timeout,timeout,timeout,timeout,timeout,timeout
beemfwt4b1,timeout,timeout,timeout,timeout,timeout,timeout,timeout,timeout,timeout,timeout
oski15a14b06s,timeout,timeout,timeout,timeout,timeout,timeout,timeout,timeout,timeout,timeout
oski15a01b58s,timeout,timeout,timeout,timeout,timeout,timeout,timeout,timeout,timeout,timeout
6s37,timeout,timeout,timeout,timeout,timeout,timeout,timeout,timeout,timeout,timeout
oski15a08b02s,timeout,timeout,timeout,timeout,timeout,timeout,timeout,timeout,timeout,timeout
intel065,timeout,timeout,timeout,timeout,timeout,timeout,timeout,timeout,timeout,timeout
6s348b53,timeout,timeout,timeout,timeout,timeout,timeout,timeout,timeout,timeout,timeout
6s382r,timeout,timeout,timeout,timeout,timeout,timeout,timeout,timeout,timeout,timeout
6s341r,timeout,timeout,timeout,timeout,timeout,timeout,timeout,timeout,timeout,timeout
oski1rub10i,timeout,timeout,timeout,timeout,timeout,timeout,timeout,timeout,timeout,timeout
6s48p1,timeout,timeout,timeout,timeout,timeout,timeout,timeout,timeout,timeout,timeout
bobsmhdlc1,timeout,timeout,timeout,timeout,timeout,timeout,timeout,timeout,timeout,timeout
oski15a14b02s,timeout,timeout,timeout,timeout,timeout,timeout,timeout,timeout,timeout,timeout
6s366r,timeout,timeout,timeout,timeout,timeout,timeout,timeout,timeout,timeout,timeout
beempgsol4f1,timeout,timeout,timeout,timeout,timeout,timeout,timeout,timeout,timeout,timeout
oc8051gmd7acc,timeout,timeout,timeout,timeout,timeout,timeout,timeout,timeout,timeout,timeout
6s10,timeout,timeout,timeout,timeout,timeout,timeout,timeout,timeout,timeout,timeout
6s365r,timeout,timeout,timeout,timeout,timeout,timeout,timeout,timeout,timeout,timeout
pdtswvqis10x6p2,timeout,timeout,timeout,timeout,timeout,timeout,timeout,timeout,timeout,timeout
oc8051gme2addr,timeout,timeout,timeout,timeout,timeout,timeout,timeout,timeout,timeout,timeout
oc8051gm3bacc,timeout,timeout,timeout,timeout,timeout,timeout,timeout,timeout,timeout,timeout
6s29,timeout,timeout,timeout,timeout,timeout,timeout,timeout,timeout,timeout,timeout
6s191,timeout,timeout,timeout,timeout,timeout,timeout,timeout,timeout,timeout,timeout
6s402rb0342,timeout,timeout,timeout,timeout,timeout,timeout,timeout,timeout,timeout,timeout
oski15a10b08s,timeout,timeout,timeout,timeout,timeout,timeout,timeout,timeout,timeout,timeout
6s24,timeout,timeout,timeout,timeout,timeout,timeout,timeout,timeout,timeout,timeout
oc8051gm59data,timeout,timeout,timeout,timeout,timeout,timeout,timeout,timeout,timeout,timeout
oski15a01b14s,timeout,timeout,timeout,timeout,timeout,timeout,timeout,timeout,timeout,timeout
oski15a01b74s,timeout,timeout,timeout,timeout,timeout,timeout,timeout,timeout,timeout,timeout
6s148,timeout,timeout,timeout,timeout,timeout,timeout,timeout,timeout,timeout,timeout
