explicit,2,2,3,3,3,2,0,7
,130,135,131,137,137,138,142,149
cases,no-inter,longest,shortest,rand(seed=0),rand(seed=1),rand(seed=2),latest,total
139442p1,unsafe,unsafe,unsafe,unsafe,unsafe,unsafe,unsafe,TRUE
139443p5,unsafe,unsafe,unsafe,unsafe,unsafe,unsafe,unsafe,TRUE
139444p22,unsafe,unsafe,unsafe,unsafe,unsafe,unsafe,unsafe,TRUE
6s13,timeout,timeout,timeout,timeout,timeout,timeout,timeout,FALSE
6s149,timeout,timeout,unsafe,unsafe,unsafe,timeout,unsafe,TRUE
6s184,timeout,timeout,timeout,timeout,timeout,timeout,timeout,FALSE
6s20,unsafe,unsafe,unsafe,unsafe,unsafe,unsafe,unsafe,TRUE
6s207rb28,timeout,timeout,timeout,timeout,timeout,timeout,unsafe,TRUE
6s210b037,unsafe,timeout,unsafe,unsafe,unsafe,unsafe,unsafe,TRUE
6s215rb0,unsafe,unsafe,unsafe,unsafe,unsafe,unsafe,unsafe,TRUE
6s216rb0,unsafe,unsafe,unsafe,unsafe,unsafe,unsafe,unsafe,TRUE
6s218b2950,unsafe,timeout,timeout,unsafe,unsafe,unsafe,timeout,TRUE
6s284rb1,unsafe,unsafe,unsafe,unsafe,unsafe,unsafe,unsafe,TRUE
6s301rb106,timeout,timeout,timeout,timeout,timeout,timeout,unsafe,TRUE
6s309b046,unsafe,unsafe,unsafe,unsafe,unsafe,unsafe,unsafe,TRUE
6s31,unsafe,unsafe,unsafe,unsafe,unsafe,unsafe,unsafe,TRUE
6s319r,timeout,timeout,timeout,timeout,timeout,timeout,timeout,FALSE
6s320rb0,unsafe,unsafe,unsafe,unsafe,unsafe,unsafe,unsafe,TRUE
6s320rb1,timeout,unsafe,timeout,unsafe,unsafe,unsafe,unsafe,TRUE
6s329rb19,timeout,timeout,timeout,timeout,timeout,timeout,timeout,TRUE
6s339rb19,unsafe,unsafe,timeout,unsafe,unsafe,unsafe,unsafe,TRUE
6s339rb22,unsafe,unsafe,unsafe,unsafe,unsafe,unsafe,unsafe,TRUE
6s350rb35,unsafe,unsafe,unsafe,unsafe,unsafe,unsafe,unsafe,TRUE
6s350rb46,unsafe,unsafe,unsafe,unsafe,unsafe,unsafe,unsafe,TRUE
6s357r,unsafe,unsafe,unsafe,unsafe,unsafe,unsafe,unsafe,TRUE
6s374b029,unsafe,unsafe,unsafe,unsafe,unsafe,unsafe,unsafe,TRUE
6s380b511,unsafe,unsafe,unsafe,unsafe,unsafe,unsafe,unsafe,TRUE
6s389b02,unsafe,unsafe,unsafe,unsafe,unsafe,unsafe,unsafe,TRUE
6s401rb051,timeout,timeout,timeout,timeout,timeout,timeout,timeout,FALSE
6s41,timeout,timeout,timeout,timeout,timeout,timeout,timeout,FALSE
6s54,timeout,timeout,timeout,timeout,timeout,timeout,timeout,FALSE
abp4p2ff,unsafe,unsafe,unsafe,unsafe,unsafe,unsafe,unsafe,TRUE
bc57sensorsp0,unsafe,unsafe,unsafe,unsafe,unsafe,unsafe,unsafe,TRUE
bc57sensorsp1,unsafe,unsafe,unsafe,unsafe,unsafe,unsafe,unsafe,TRUE
bc57sensorsp1neg,unsafe,unsafe,unsafe,unsafe,unsafe,unsafe,unsafe,TRUE
bc57sensorsp2,unsafe,unsafe,unsafe,unsafe,unsafe,unsafe,unsafe,TRUE
beemadd4b1,unsafe,unsafe,unsafe,unsafe,unsafe,unsafe,unsafe,TRUE
beemextnc3f1,timeout,unsafe,timeout,timeout,timeout,unsafe,unsafe,TRUE
beemlmprt8f1,unsafe,unsafe,unsafe,unsafe,unsafe,unsafe,unsafe,TRUE
beempgsol5b1,timeout,timeout,timeout,timeout,timeout,timeout,timeout,FALSE
beemprdcell2f1,unsafe,unsafe,unsafe,unsafe,unsafe,unsafe,unsafe,TRUE
bj08amba2g4f3,timeout,unsafe,timeout,unsafe,unsafe,unsafe,unsafe,TRUE
bj08vendingcycle,unsafe,unsafe,unsafe,unsafe,unsafe,unsafe,unsafe,TRUE
bob12s03,timeout,timeout,timeout,timeout,timeout,timeout,timeout,FALSE
bob9234spec4neg,unsafe,unsafe,unsafe,unsafe,unsafe,unsafe,unsafe,TRUE
bob9234spec5neg,unsafe,unsafe,unsafe,unsafe,unsafe,unsafe,unsafe,TRUE
bob9234spec6neg,unsafe,unsafe,unsafe,unsafe,unsafe,unsafe,unsafe,TRUE
bobmiterbm1or,unsafe,unsafe,unsafe,unsafe,unsafe,unsafe,unsafe,TRUE
bobsynth13,unsafe,unsafe,unsafe,unsafe,unsafe,unsafe,unsafe,TRUE
bobsynthetic2,unsafe,unsafe,unsafe,unsafe,unsafe,unsafe,unsafe,TRUE
bobsynthor,unsafe,unsafe,unsafe,unsafe,unsafe,unsafe,unsafe,TRUE
bobtuint24,unsafe,unsafe,unsafe,unsafe,unsafe,unsafe,unsafe,TRUE
bobtuttt,unsafe,unsafe,unsafe,unsafe,unsafe,unsafe,unsafe,TRUE
brpp1,unsafe,unsafe,unsafe,unsafe,unsafe,unsafe,unsafe,TRUE
counterp0,unsafe,unsafe,unsafe,unsafe,unsafe,unsafe,unsafe,TRUE
csmacdp2,unsafe,unsafe,unsafe,unsafe,unsafe,unsafe,unsafe,TRUE
dme6p1,unsafe,unsafe,unsafe,unsafe,unsafe,unsafe,unsafe,TRUE
dme6p1neg,unsafe,unsafe,unsafe,unsafe,unsafe,unsafe,unsafe,TRUE
intel009,timeout,timeout,timeout,timeout,timeout,timeout,timeout,TRUE
intel017,unsafe,unsafe,unsafe,unsafe,unsafe,unsafe,unsafe,TRUE
intel035,unsafe,timeout,unsafe,timeout,timeout,unsafe,unsafe,TRUE
intel036,timeout,unsafe,timeout,timeout,timeout,unsafe,unsafe,TRUE
intel038,unsafe,unsafe,unsafe,unsafe,unsafe,unsafe,timeout,TRUE
intel039,unsafe,unsafe,unsafe,unsafe,unsafe,unsafe,unsafe,TRUE
intel040,unsafe,unsafe,unsafe,unsafe,unsafe,unsafe,unsafe,TRUE
intel042,timeout,timeout,timeout,timeout,timeout,timeout,timeout,FALSE
intel043,unsafe,unsafe,unsafe,unsafe,unsafe,unsafe,unsafe,TRUE
intel046,timeout,timeout,timeout,timeout,timeout,timeout,timeout,FALSE
intel047,timeout,timeout,timeout,timeout,timeout,timeout,unsafe,TRUE
irstdme5,unsafe,unsafe,unsafe,unsafe,unsafe,unsafe,unsafe,TRUE
irstdme6,unsafe,unsafe,unsafe,unsafe,unsafe,unsafe,unsafe,TRUE
mentorbm1and,unsafe,unsafe,unsafe,unsafe,unsafe,unsafe,unsafe,TRUE
mutexp0,unsafe,unsafe,unsafe,unsafe,unsafe,unsafe,unsafe,TRUE
oski15a01b01s,timeout,timeout,timeout,timeout,timeout,timeout,timeout,FALSE
oski15a01b03s,timeout,timeout,timeout,timeout,timeout,timeout,timeout,FALSE
oski15a01b07s,unsafe,unsafe,unsafe,unsafe,unsafe,unsafe,unsafe,TRUE
oski15a01b09s,unsafe,unsafe,unsafe,unsafe,unsafe,unsafe,unsafe,TRUE
oski15a01b13s,timeout,timeout,timeout,timeout,timeout,timeout,timeout,FALSE
oski15a01b15s,unsafe,unsafe,unsafe,unsafe,unsafe,unsafe,unsafe,TRUE
oski15a01b17s,unsafe,unsafe,unsafe,unsafe,unsafe,unsafe,unsafe,TRUE
oski15a01b19s,timeout,timeout,timeout,timeout,timeout,timeout,timeout,FALSE
oski15a01b21s,unsafe,unsafe,unsafe,unsafe,unsafe,unsafe,unsafe,TRUE
oski15a01b23s,unsafe,unsafe,unsafe,unsafe,unsafe,unsafe,unsafe,TRUE
oski15a01b25s,unsafe,unsafe,unsafe,unsafe,unsafe,unsafe,unsafe,TRUE
oski15a01b27s,unsafe,unsafe,unsafe,unsafe,unsafe,unsafe,unsafe,TRUE
oski15a01b29s,unsafe,unsafe,unsafe,unsafe,unsafe,unsafe,unsafe,TRUE
oski15a01b31s,unsafe,unsafe,unsafe,unsafe,unsafe,unsafe,unsafe,TRUE
oski15a01b33s,unsafe,unsafe,unsafe,unsafe,unsafe,unsafe,unsafe,TRUE
oski15a01b35s,unsafe,unsafe,unsafe,unsafe,unsafe,unsafe,unsafe,TRUE
oski15a01b37s,unsafe,unsafe,unsafe,unsafe,unsafe,unsafe,unsafe,TRUE
oski15a01b39s,unsafe,unsafe,unsafe,unsafe,unsafe,unsafe,unsafe,TRUE
oski15a01b41s,timeout,timeout,timeout,timeout,timeout,timeout,timeout,FALSE
oski15a01b43s,timeout,timeout,timeout,timeout,timeout,timeout,timeout,FALSE
oski15a01b45s,timeout,timeout,timeout,timeout,timeout,timeout,timeout,FALSE
oski15a01b47s,unsafe,unsafe,unsafe,unsafe,unsafe,unsafe,unsafe,TRUE
oski15a01b49s,unsafe,unsafe,unsafe,unsafe,unsafe,unsafe,unsafe,TRUE
oski15a01b51s,timeout,timeout,timeout,timeout,timeout,timeout,timeout,FALSE
oski15a01b53s,timeout,timeout,timeout,timeout,timeout,timeout,timeout,FALSE
oski15a01b55s,unsafe,unsafe,unsafe,unsafe,unsafe,unsafe,unsafe,TRUE
oski15a01b57s,unsafe,unsafe,unsafe,unsafe,unsafe,unsafe,unsafe,TRUE
oski15a01b59s,timeout,timeout,timeout,timeout,timeout,timeout,timeout,FALSE
oski15a01b61s,unsafe,unsafe,unsafe,unsafe,unsafe,unsafe,unsafe,TRUE
oski15a01b63s,unsafe,unsafe,unsafe,unsafe,unsafe,unsafe,unsafe,TRUE
oski15a01b65s,unsafe,unsafe,unsafe,unsafe,unsafe,unsafe,unsafe,TRUE
oski15a01b67s,unsafe,unsafe,unsafe,unsafe,unsafe,unsafe,unsafe,TRUE
oski15a01b69s,unsafe,unsafe,unsafe,unsafe,unsafe,unsafe,unsafe,TRUE
oski15a01b70s,timeout,timeout,timeout,timeout,timeout,timeout,timeout,FALSE
oski15a01b71s,unsafe,unsafe,unsafe,unsafe,unsafe,unsafe,unsafe,TRUE
oski15a01b73s,unsafe,unsafe,unsafe,unsafe,unsafe,unsafe,unsafe,TRUE
oski15a01b75s,unsafe,unsafe,unsafe,unsafe,unsafe,unsafe,unsafe,TRUE
oski15a01b77s,unsafe,unsafe,unsafe,unsafe,unsafe,unsafe,unsafe,TRUE
oski15a01b79s,unsafe,unsafe,unsafe,unsafe,unsafe,unsafe,unsafe,TRUE
oski15a07b1s,unsafe,unsafe,unsafe,unsafe,unsafe,unsafe,unsafe,TRUE
oski15a07b3s,unsafe,unsafe,unsafe,unsafe,unsafe,unsafe,unsafe,TRUE
oski15a07b5s,unsafe,unsafe,unsafe,unsafe,unsafe,unsafe,unsafe,TRUE
oski15a08b01s,unsafe,unsafe,unsafe,unsafe,unsafe,unsafe,unsafe,TRUE
oski15a08b03s,unsafe,unsafe,unsafe,unsafe,unsafe,unsafe,unsafe,TRUE
oski15a08b05s,unsafe,unsafe,unsafe,unsafe,unsafe,unsafe,unsafe,TRUE
oski15a08b07s,timeout,timeout,timeout,timeout,timeout,timeout,timeout,FALSE
oski15a08b09s,timeout,timeout,timeout,timeout,timeout,timeout,timeout,FALSE
oski15a08b11s,unsafe,unsafe,unsafe,unsafe,unsafe,unsafe,unsafe,TRUE
oski15a08b13s,unsafe,unsafe,unsafe,unsafe,unsafe,unsafe,unsafe,TRUE
oski15a08b14s,timeout,timeout,timeout,timeout,timeout,timeout,unsafe,TRUE
oski15a08b15s,timeout,timeout,timeout,timeout,timeout,timeout,unsafe,TRUE
oski15a08b16s,timeout,unsafe,timeout,unsafe,unsafe,unsafe,unsafe,TRUE
oski15a08b17s,timeout,unsafe,timeout,unsafe,unsafe,unsafe,unsafe,TRUE
oski15a10b01s,unsafe,unsafe,unsafe,unsafe,unsafe,unsafe,unsafe,TRUE
oski15a10b03s,unsafe,unsafe,unsafe,unsafe,unsafe,unsafe,unsafe,TRUE
oski15a10b05s,unsafe,unsafe,unsafe,unsafe,unsafe,unsafe,unsafe,TRUE
oski15a10b07s,unsafe,timeout,unsafe,unsafe,unsafe,unsafe,unsafe,TRUE
oski15a10b09s,timeout,timeout,unsafe,timeout,timeout,timeout,timeout,TRUE
oski15a10b11s,timeout,unsafe,unsafe,unsafe,unsafe,timeout,timeout,TRUE
oski15a10b13s,unsafe,unsafe,unsafe,unsafe,unsafe,unsafe,unsafe,TRUE
oski15a10b14s,timeout,timeout,timeout,timeout,timeout,timeout,timeout,TRUE
oski15a10b15s,unsafe,unsafe,unsafe,unsafe,unsafe,unsafe,unsafe,TRUE
oski15a10b17s,unsafe,unsafe,unsafe,unsafe,unsafe,unsafe,unsafe,TRUE
oski15a14b01s,unsafe,unsafe,unsafe,unsafe,unsafe,unsafe,unsafe,TRUE
oski15a14b03s,unsafe,unsafe,unsafe,unsafe,unsafe,unsafe,unsafe,TRUE
oski15a14b05s,unsafe,unsafe,unsafe,unsafe,unsafe,unsafe,unsafe,TRUE
oski15a14b07s,unsafe,unsafe,unsafe,unsafe,unsafe,unsafe,unsafe,TRUE
oski15a14b09s,unsafe,unsafe,unsafe,unsafe,unsafe,unsafe,unsafe,TRUE
oski15a14b11s,unsafe,unsafe,unsafe,unsafe,unsafe,unsafe,unsafe,TRUE
oski15a14b13s,unsafe,unsafe,unsafe,unsafe,unsafe,unsafe,unsafe,TRUE
oski15a14b15s,unsafe,unsafe,unsafe,unsafe,unsafe,unsafe,unsafe,TRUE
oski15a14b17s,unsafe,unsafe,unsafe,unsafe,unsafe,unsafe,unsafe,TRUE
oski15a14b19s,unsafe,unsafe,unsafe,unsafe,unsafe,unsafe,unsafe,TRUE
oski15a14b21s,unsafe,unsafe,unsafe,unsafe,unsafe,unsafe,unsafe,TRUE
oski15a14b23s,unsafe,unsafe,unsafe,unsafe,unsafe,unsafe,unsafe,TRUE
oski15a14b25s,unsafe,unsafe,unsafe,unsafe,unsafe,unsafe,unsafe,TRUE
oski15a14b27s,unsafe,unsafe,unsafe,unsafe,unsafe,unsafe,unsafe,TRUE
oski15a14b29s,unsafe,unsafe,unsafe,unsafe,unsafe,unsafe,unsafe,TRUE
oski15a14b31s,unsafe,unsafe,unsafe,unsafe,unsafe,unsafe,unsafe,TRUE
oski15a14b33s,unsafe,unsafe,unsafe,unsafe,unsafe,unsafe,unsafe,TRUE
oski2b1i,unsafe,unsafe,unsafe,unsafe,unsafe,unsafe,unsafe,TRUE
oski2b3i,unsafe,unsafe,unsafe,unsafe,unsafe,unsafe,unsafe,TRUE
oski2b4i,timeout,unsafe,timeout,unsafe,unsafe,unsafe,unsafe,TRUE
oski2b5i,timeout,unsafe,timeout,unsafe,unsafe,unsafe,unsafe,TRUE
oski2ub0i,unsafe,unsafe,unsafe,unsafe,unsafe,unsafe,unsafe,TRUE
oski3b0i,unsafe,unsafe,unsafe,unsafe,unsafe,unsafe,unsafe,TRUE
oski3b3i,unsafe,unsafe,unsafe,unsafe,unsafe,unsafe,unsafe,TRUE
pcip1,unsafe,unsafe,unsafe,unsafe,unsafe,unsafe,unsafe,TRUE
pdtswvibs8x8p0,unsafe,unsafe,unsafe,unsafe,unsafe,unsafe,unsafe,TRUE
prodcellp0neg,unsafe,unsafe,unsafe,unsafe,unsafe,unsafe,unsafe,TRUE
prodcellp1,unsafe,unsafe,unsafe,unsafe,unsafe,unsafe,unsafe,TRUE
prodcellp2neg,unsafe,unsafe,unsafe,unsafe,unsafe,unsafe,unsafe,TRUE
prodcellp4,unsafe,unsafe,unsafe,unsafe,unsafe,unsafe,unsafe,TRUE
productioncellp0,unsafe,unsafe,unsafe,unsafe,unsafe,unsafe,unsafe,TRUE
ringp0,unsafe,unsafe,unsafe,unsafe,unsafe,unsafe,unsafe,TRUE
srg5ptimo,unsafe,unsafe,unsafe,unsafe,unsafe,unsafe,unsafe,TRUE
texasifetch1p8,unsafe,unsafe,unsafe,unsafe,unsafe,unsafe,unsafe,TRUE
texasparsesysp3,unsafe,unsafe,unsafe,unsafe,unsafe,unsafe,unsafe,TRUE
viselevatorp2,unsafe,unsafe,unsafe,unsafe,unsafe,unsafe,unsafe,TRUE
oc8051gm03acc,timeout,timeout,timeout,timeout,timeout,timeout,timeout,FALSE
oc8051gm49acc,timeout,timeout,timeout,timeout,timeout,timeout,timeout,FALSE
oski15a08b06s,timeout,timeout,timeout,timeout,timeout,timeout,timeout,FALSE
beembrptwo6b1,timeout,timeout,timeout,timeout,timeout,timeout,timeout,FALSE
oski15a01b48s,timeout,timeout,timeout,timeout,timeout,timeout,timeout,FALSE
oski15a01b62s,timeout,timeout,timeout,timeout,timeout,timeout,timeout,FALSE
oski15a01b42s,timeout,timeout,timeout,timeout,timeout,timeout,timeout,FALSE
6s179,timeout,timeout,timeout,timeout,timeout,timeout,timeout,FALSE
6s399b02,timeout,timeout,timeout,timeout,timeout,timeout,timeout,FALSE
oski15a14b04s,timeout,timeout,timeout,timeout,timeout,timeout,timeout,FALSE
6s267rb3,timeout,timeout,timeout,timeout,timeout,timeout,timeout,FALSE
oski15a14b28s,timeout,timeout,timeout,timeout,timeout,timeout,timeout,FALSE
shift1add262144,timeout,timeout,timeout,timeout,timeout,timeout,timeout,FALSE
oc8051gmbfpc,timeout,timeout,timeout,timeout,timeout,timeout,timeout,FALSE
oski15a01b36s,timeout,timeout,timeout,timeout,timeout,timeout,timeout,FALSE
oski15a08b00s,timeout,timeout,timeout,timeout,timeout,timeout,timeout,FALSE
6s158,timeout,timeout,timeout,timeout,timeout,timeout,timeout,FALSE
intel016,timeout,timeout,timeout,timeout,timeout,timeout,timeout,FALSE
6s195,timeout,timeout,timeout,timeout,timeout,timeout,timeout,FALSE
oc8051gm81pc,timeout,timeout,timeout,timeout,timeout,timeout,timeout,FALSE
6s342rb122,timeout,timeout,timeout,timeout,timeout,timeout,timeout,FALSE
6s316b421,timeout,timeout,timeout,timeout,timeout,timeout,timeout,FALSE
beempgmprot1f2,timeout,timeout,timeout,timeout,timeout,timeout,timeout,FALSE
bobsmmem,timeout,timeout,timeout,timeout,timeout,timeout,timeout,FALSE
oski15a10b12s,timeout,timeout,timeout,timeout,timeout,timeout,timeout,FALSE
6s22,timeout,timeout,timeout,timeout,timeout,timeout,timeout,FALSE
intel048,timeout,timeout,timeout,timeout,timeout,timeout,timeout,FALSE
6s188,timeout,timeout,timeout,timeout,timeout,timeout,timeout,FALSE
oc8051gme0pc,timeout,timeout,timeout,timeout,timeout,timeout,timeout,FALSE
eijks1423,timeout,timeout,timeout,timeout,timeout,timeout,timeout,FALSE
6s310r,timeout,timeout,timeout,timeout,timeout,timeout,timeout,FALSE
oski15a01b34s,timeout,timeout,timeout,timeout,timeout,timeout,timeout,FALSE
6s202b41,timeout,timeout,timeout,timeout,timeout,timeout,timeout,FALSE
oski15a01b32s,timeout,timeout,timeout,timeout,timeout,timeout,timeout,FALSE
6s514r,timeout,timeout,timeout,timeout,timeout,timeout,timeout,FALSE
6s39,timeout,timeout,timeout,timeout,timeout,timeout,timeout,FALSE
intel023,timeout,timeout,timeout,timeout,timeout,timeout,timeout,FALSE
6s387rb181,timeout,timeout,timeout,timeout,timeout,timeout,timeout,FALSE
oski1rub01i,timeout,timeout,timeout,timeout,timeout,timeout,timeout,FALSE
6s351rb02,timeout,timeout,timeout,timeout,timeout,timeout,timeout,FALSE
oski15a01b06s,timeout,timeout,timeout,timeout,timeout,timeout,timeout,FALSE
6s187,timeout,timeout,timeout,timeout,timeout,timeout,timeout,FALSE
6s377r,timeout,timeout,timeout,timeout,timeout,timeout,timeout,FALSE
intel031,timeout,timeout,timeout,timeout,timeout,timeout,timeout,FALSE
beemndhm4b3,timeout,timeout,timeout,timeout,timeout,timeout,timeout,FALSE
6s12,timeout,timeout,timeout,timeout,timeout,timeout,timeout,FALSE
oski15a01b05s,timeout,timeout,timeout,timeout,timeout,timeout,timeout,FALSE
6s186,timeout,timeout,timeout,timeout,timeout,timeout,timeout,FALSE
6s399b03,timeout,timeout,timeout,timeout,timeout,timeout,timeout,FALSE
oski1rub09i,timeout,timeout,timeout,timeout,timeout,timeout,timeout,FALSE
6s322rb646,timeout,timeout,timeout,timeout,timeout,timeout,timeout,FALSE
nusmvdme116,timeout,timeout,timeout,timeout,timeout,timeout,timeout,FALSE
beemandrsn6b1,timeout,timeout,timeout,timeout,timeout,timeout,timeout,FALSE
intel025,timeout,timeout,timeout,timeout,timeout,timeout,timeout,FALSE
6s147,timeout,timeout,timeout,timeout,timeout,timeout,timeout,FALSE
6s329rb20,timeout,timeout,timeout,timeout,timeout,timeout,timeout,FALSE
6s394r,timeout,timeout,timeout,timeout,timeout,timeout,timeout,FALSE
6s38,timeout,timeout,timeout,timeout,timeout,timeout,timeout,FALSE
oski15a07b0s,timeout,timeout,timeout,timeout,timeout,timeout,timeout,FALSE
beemskbn2b1,timeout,timeout,timeout,timeout,timeout,timeout,timeout,FALSE
oc8051gmf2iram,timeout,timeout,timeout,timeout,timeout,timeout,timeout,FALSE
oski15a01b30s,timeout,timeout,timeout,timeout,timeout,timeout,timeout,FALSE
6s309b034,timeout,timeout,timeout,timeout,timeout,timeout,timeout,FALSE
beemldfilt3f1,timeout,timeout,timeout,timeout,timeout,timeout,timeout,FALSE
6s205b20,timeout,timeout,timeout,timeout,timeout,timeout,timeout,FALSE
6s35,timeout,timeout,timeout,timeout,timeout,timeout,timeout,FALSE
6s119,timeout,timeout,timeout,timeout,timeout,timeout,timeout,FALSE
oc8051gm8apc,timeout,timeout,timeout,timeout,timeout,timeout,timeout,FALSE
6s413b398,timeout,timeout,timeout,timeout,timeout,timeout,timeout,FALSE
6s131,timeout,timeout,timeout,timeout,timeout,timeout,timeout,FALSE
6s393r,timeout,timeout,timeout,timeout,timeout,timeout,timeout,FALSE
oski15a01b60s,timeout,timeout,timeout,timeout,timeout,timeout,timeout,FALSE
oski15a07b2s,timeout,timeout,timeout,timeout,timeout,timeout,timeout,FALSE
oc8051gm06iram,timeout,timeout,timeout,timeout,timeout,timeout,timeout,FALSE
oski15a01b18s,timeout,timeout,timeout,timeout,timeout,timeout,timeout,FALSE
intel028,timeout,timeout,timeout,timeout,timeout,timeout,timeout,FALSE
oski15a14b24s,timeout,timeout,timeout,timeout,timeout,timeout,timeout,FALSE
6s134,timeout,timeout,timeout,timeout,timeout,timeout,timeout,FALSE
intel019,timeout,timeout,timeout,timeout,timeout,timeout,timeout,FALSE
oski15a01b66s,timeout,timeout,timeout,timeout,timeout,timeout,timeout,FALSE
neclatcas1a001,safe,safe,safe,safe,safe,safe,safe,FALSE
beemfwt5b3,timeout,timeout,timeout,timeout,timeout,timeout,timeout,FALSE
6s198,timeout,timeout,timeout,timeout,timeout,timeout,timeout,FALSE
oski15a01b54s,timeout,timeout,timeout,timeout,timeout,timeout,timeout,FALSE
ndista262144,timeout,timeout,timeout,timeout,timeout,timeout,timeout,FALSE
oski15a01b40s,timeout,timeout,timeout,timeout,timeout,timeout,timeout,FALSE
beemrwtrs2b1,timeout,timeout,timeout,timeout,timeout,timeout,timeout,FALSE
oc8051gm88iram,timeout,timeout,timeout,timeout,timeout,timeout,timeout,FALSE
6s16,timeout,timeout,timeout,timeout,timeout,timeout,timeout,FALSE
oc8051gmadacc,timeout,timeout,timeout,timeout,timeout,timeout,timeout,FALSE
intel045,timeout,timeout,timeout,timeout,timeout,timeout,timeout,FALSE
bobsmcodic,timeout,timeout,timeout,timeout,timeout,timeout,timeout,FALSE
beemfrogs4f1,timeout,timeout,timeout,timeout,timeout,timeout,timeout,FALSE
eijkbs6669,timeout,timeout,timeout,timeout,timeout,timeout,timeout,FALSE
6s36,timeout,timeout,timeout,timeout,timeout,timeout,timeout,FALSE
oski15a01b76s,timeout,timeout,timeout,timeout,timeout,timeout,timeout,FALSE
oski15a01b38s,timeout,timeout,timeout,timeout,timeout,timeout,timeout,FALSE
oc8051gm4dacc,timeout,timeout,timeout,timeout,timeout,timeout,timeout,FALSE
6s292rb037,timeout,timeout,timeout,timeout,timeout,timeout,timeout,FALSE
oski15a14b10s,timeout,timeout,timeout,timeout,timeout,timeout,timeout,FALSE
oc8051gm63iram,timeout,timeout,timeout,timeout,timeout,timeout,timeout,FALSE
6s340rb63,timeout,timeout,timeout,timeout,timeout,timeout,timeout,FALSE
oski1rub08i,timeout,timeout,timeout,timeout,timeout,timeout,timeout,FALSE
intel013,timeout,timeout,timeout,timeout,timeout,timeout,timeout,FALSE
oski15a01b52s,timeout,timeout,timeout,timeout,timeout,timeout,timeout,FALSE
6s266rb2,timeout,timeout,timeout,timeout,timeout,timeout,timeout,FALSE
6s280r,timeout,timeout,timeout,timeout,timeout,timeout,timeout,FALSE
oski15a14b26s,timeout,timeout,timeout,timeout,timeout,timeout,timeout,FALSE
bobsmfpu,timeout,timeout,timeout,timeout,timeout,timeout,timeout,FALSE
oc8051gm36addr,timeout,timeout,timeout,timeout,timeout,timeout,timeout,FALSE
oc8051gm4biram,timeout,timeout,timeout,timeout,timeout,timeout,timeout,FALSE
oc8051gm3facc,timeout,timeout,timeout,timeout,timeout,timeout,timeout,FALSE
intel064,timeout,timeout,timeout,timeout,timeout,timeout,timeout,FALSE
beemcmbrdg7f2,timeout,timeout,timeout,timeout,timeout,timeout,timeout,FALSE
oc8051gme5iram,timeout,timeout,timeout,timeout,timeout,timeout,timeout,FALSE
oski15a10b16s,timeout,timeout,timeout,timeout,timeout,timeout,timeout,FALSE
6s340rb27,timeout,timeout,timeout,timeout,timeout,timeout,timeout,FALSE
oski15a07b4s,timeout,timeout,timeout,timeout,timeout,timeout,timeout,FALSE
oc8051gm64pc,timeout,timeout,timeout,timeout,timeout,timeout,timeout,FALSE
6s122,timeout,timeout,timeout,timeout,timeout,timeout,timeout,FALSE
oc8051gm7daddr,timeout,timeout,timeout,timeout,timeout,timeout,timeout,FALSE
6s161,timeout,timeout,timeout,timeout,timeout,timeout,timeout,FALSE
beemcmbrdg1f1,timeout,timeout,safe,safe,safe,timeout,timeout,FALSE
oski15a01b02s,timeout,timeout,timeout,timeout,timeout,timeout,timeout,FALSE
6s204b19,timeout,timeout,timeout,timeout,timeout,timeout,timeout,FALSE
6s194,timeout,timeout,timeout,timeout,timeout,timeout,timeout,FALSE
oski15a01b46s,timeout,timeout,timeout,timeout,timeout,timeout,timeout,FALSE
6s105,timeout,timeout,timeout,timeout,timeout,timeout,timeout,FALSE
6s351rb15,timeout,timeout,timeout,timeout,timeout,timeout,timeout,FALSE
oc8051gm2daddr,timeout,timeout,timeout,timeout,timeout,timeout,timeout,FALSE
oski15a01b44s,timeout,timeout,timeout,timeout,timeout,timeout,timeout,FALSE
oc8051gm95pc,timeout,timeout,timeout,timeout,timeout,timeout,timeout,FALSE
oski15a08b10s,timeout,timeout,timeout,timeout,timeout,timeout,timeout,FALSE
beemlifts3b1,timeout,timeout,timeout,timeout,timeout,timeout,timeout,FALSE
6s299b685,timeout,timeout,timeout,timeout,timeout,timeout,timeout,FALSE
oski15a01b12s,timeout,timeout,timeout,timeout,timeout,timeout,timeout,FALSE
6s316b460,timeout,timeout,timeout,timeout,timeout,timeout,timeout,FALSE
pdtvisvsa16a29,timeout,timeout,timeout,timeout,timeout,timeout,timeout,FALSE
oski15a10b10s,timeout,timeout,timeout,timeout,timeout,timeout,timeout,FALSE
oski15a01b50s,timeout,timeout,timeout,timeout,timeout,timeout,timeout,FALSE
beemptrsn4b1,timeout,timeout,timeout,timeout,timeout,timeout,timeout,FALSE
6s398b16,timeout,timeout,timeout,timeout,timeout,timeout,timeout,FALSE
oc8051gma4pc,timeout,timeout,timeout,timeout,timeout,timeout,timeout,FALSE
oc8051gm49pc,timeout,timeout,timeout,timeout,timeout,timeout,timeout,FALSE
6s7,timeout,timeout,timeout,timeout,timeout,timeout,timeout,FALSE
oski15a08b04s,timeout,timeout,timeout,timeout,timeout,timeout,timeout,FALSE
oski15a10b02s,timeout,timeout,timeout,timeout,timeout,timeout,timeout,FALSE
power2eq262144,timeout,timeout,timeout,timeout,timeout,timeout,timeout,FALSE
oski15a01b64s,timeout,timeout,timeout,timeout,timeout,timeout,timeout,FALSE
6s185,timeout,timeout,timeout,timeout,timeout,timeout,timeout,FALSE
6s362rb0,safe,timeout,safe,safe,safe,safe,safe,FALSE
6s268r,timeout,timeout,timeout,timeout,timeout,timeout,timeout,FALSE
6s23,timeout,timeout,timeout,timeout,timeout,timeout,timeout,FALSE
intel012,timeout,timeout,timeout,timeout,timeout,timeout,timeout,FALSE
6s145,timeout,timeout,timeout,timeout,timeout,timeout,timeout,FALSE
6s100,timeout,timeout,timeout,timeout,timeout,timeout,timeout,FALSE
bob12s08,timeout,timeout,timeout,timeout,timeout,timeout,timeout,FALSE
intel020,timeout,timeout,timeout,timeout,timeout,timeout,timeout,FALSE
6s128,timeout,timeout,timeout,timeout,timeout,timeout,timeout,FALSE
6s130,timeout,timeout,timeout,timeout,timeout,timeout,timeout,FALSE
beemptrsn7f1,timeout,timeout,timeout,timeout,timeout,timeout,timeout,FALSE
oski15a10b06s,timeout,timeout,timeout,timeout,timeout,timeout,timeout,FALSE
bobsmmips,timeout,timeout,timeout,timeout,timeout,timeout,timeout,FALSE
oski15a01b00s,timeout,timeout,timeout,timeout,timeout,timeout,timeout,FALSE
oc8051gmecacc,timeout,timeout,timeout,timeout,timeout,timeout,timeout,FALSE
6s42,timeout,timeout,timeout,timeout,timeout,timeout,timeout,FALSE
oc8051topo08,timeout,timeout,timeout,timeout,timeout,timeout,timeout,FALSE
oski15a01b08s,timeout,timeout,timeout,timeout,timeout,timeout,timeout,FALSE
bobsmhdlc3,timeout,timeout,timeout,timeout,timeout,timeout,timeout,FALSE
oc8051gm43acc,timeout,timeout,timeout,timeout,timeout,timeout,timeout,FALSE
bob12s06,timeout,timeout,timeout,timeout,timeout,timeout,timeout,FALSE
oc8051gm3apc,timeout,timeout,timeout,timeout,timeout,timeout,timeout,FALSE
oski15a01b78s,timeout,timeout,timeout,timeout,timeout,timeout,timeout,FALSE
6s343b31,timeout,timeout,timeout,timeout,timeout,timeout,timeout,FALSE
oski15a14b20s,timeout,timeout,timeout,timeout,timeout,timeout,timeout,FALSE
bobsm38584,timeout,timeout,timeout,timeout,timeout,timeout,timeout,FALSE
shift1add524288,timeout,timeout,timeout,timeout,timeout,timeout,timeout,FALSE
6s171,timeout,timeout,timeout,timeout,timeout,timeout,timeout,FALSE
intel027,timeout,timeout,timeout,timeout,timeout,timeout,timeout,FALSE
6s160,timeout,timeout,timeout,timeout,timeout,timeout,timeout,FALSE
beemloyd3b1,timeout,timeout,timeout,timeout,timeout,timeout,timeout,FALSE
oc8051gm15addr,timeout,timeout,timeout,timeout,timeout,timeout,timeout,FALSE
beemextnc1f1,safe,safe,safe,safe,timeout,safe,safe,FALSE
nusmvdme216,timeout,timeout,timeout,timeout,timeout,timeout,timeout,FALSE
oski15a14b00s,timeout,timeout,timeout,timeout,timeout,timeout,timeout,FALSE
oski15a08b12s,timeout,timeout,timeout,timeout,timeout,timeout,timeout,FALSE
bobpcihm,timeout,timeout,timeout,timeout,timeout,timeout,timeout,FALSE
beembkry8b1,timeout,timeout,timeout,timeout,timeout,timeout,timeout,FALSE
intel032,timeout,timeout,timeout,timeout,timeout,timeout,timeout,FALSE
oski15a01b26s,timeout,timeout,timeout,timeout,timeout,timeout,timeout,FALSE
beemfwt5b1,timeout,timeout,timeout,timeout,timeout,timeout,timeout,FALSE
6s279r,timeout,timeout,timeout,timeout,timeout,timeout,timeout,FALSE
oski1rub02i,timeout,timeout,timeout,timeout,timeout,timeout,timeout,FALSE
oski15a08b08s,timeout,timeout,timeout,timeout,timeout,timeout,timeout,FALSE
oski1rub00i,timeout,timeout,timeout,timeout,timeout,timeout,timeout,FALSE
oski15a01b68s,timeout,timeout,timeout,timeout,timeout,timeout,timeout,FALSE
6s367r,timeout,timeout,timeout,timeout,timeout,timeout,timeout,FALSE
6s398b09,timeout,timeout,timeout,timeout,timeout,timeout,timeout,FALSE
6s204b16,safe,safe,timeout,timeout,timeout,safe,timeout,FALSE
6s516r,timeout,timeout,timeout,timeout,timeout,timeout,timeout,FALSE
intel044,timeout,timeout,timeout,timeout,timeout,timeout,timeout,FALSE
6s392r,timeout,timeout,timeout,timeout,timeout,timeout,timeout,FALSE
oski15a01b28s,timeout,timeout,timeout,timeout,timeout,timeout,timeout,FALSE
6s102,timeout,timeout,timeout,timeout,timeout,timeout,timeout,FALSE
6s274r,timeout,timeout,timeout,timeout,timeout,timeout,timeout,FALSE
bobsm9234,timeout,timeout,timeout,timeout,timeout,timeout,timeout,FALSE
6s190,timeout,timeout,timeout,timeout,timeout,timeout,timeout,FALSE
oski15a14b22s,timeout,timeout,timeout,timeout,timeout,timeout,timeout,FALSE
pdtpmsretherrtf,safe,safe,safe,safe,safe,safe,safe,FALSE
6s183,timeout,timeout,timeout,timeout,timeout,timeout,timeout,FALSE
6s45,timeout,timeout,timeout,timeout,timeout,timeout,timeout,FALSE
6s4,timeout,timeout,timeout,timeout,timeout,timeout,timeout,FALSE
beemhanoi4b1,timeout,timeout,timeout,timeout,timeout,timeout,timeout,FALSE
6s177,timeout,timeout,timeout,timeout,timeout,timeout,timeout,FALSE
6s342rb131,timeout,timeout,timeout,timeout,timeout,timeout,timeout,FALSE
6s387rb291,timeout,timeout,timeout,timeout,timeout,timeout,timeout,FALSE
oski15a01b72s,timeout,timeout,timeout,timeout,timeout,timeout,timeout,FALSE
6s517rb0,timeout,timeout,timeout,timeout,timeout,timeout,timeout,FALSE
beemrshr4b1,timeout,timeout,timeout,timeout,timeout,timeout,timeout,FALSE
oc8051gmc5addr,timeout,timeout,timeout,timeout,timeout,timeout,timeout,FALSE
6s44,timeout,timeout,timeout,timeout,timeout,timeout,timeout,FALSE
oc8051gmcciram,timeout,timeout,timeout,timeout,timeout,timeout,timeout,FALSE
6s151,safe,safe,safe,safe,safe,safe,safe,FALSE
6s359r,timeout,timeout,timeout,timeout,timeout,timeout,timeout,FALSE
oc8051gmb6acc,timeout,timeout,timeout,timeout,timeout,timeout,timeout,FALSE
6s407rb296,timeout,timeout,timeout,timeout,timeout,timeout,timeout,FALSE
oski15a14b30s,timeout,timeout,timeout,timeout,timeout,timeout,timeout,FALSE
intel014,timeout,timeout,timeout,timeout,timeout,timeout,timeout,FALSE
6s376r,timeout,timeout,timeout,timeout,timeout,timeout,timeout,FALSE
beemkrebs4b1,timeout,timeout,timeout,timeout,timeout,timeout,timeout,FALSE
bob12s02,timeout,timeout,timeout,timeout,timeout,timeout,timeout,FALSE
6s203b41,timeout,timeout,timeout,timeout,timeout,timeout,timeout,FALSE
oski15a10b04s,timeout,timeout,timeout,timeout,timeout,timeout,timeout,FALSE
6s163,timeout,timeout,timeout,timeout,timeout,timeout,timeout,FALSE
6s33,timeout,timeout,timeout,timeout,timeout,timeout,timeout,FALSE
beemldfilt7b1,timeout,timeout,timeout,timeout,timeout,timeout,timeout,FALSE
beemfwt4b1,timeout,timeout,timeout,timeout,timeout,timeout,timeout,FALSE
oski15a14b06s,timeout,timeout,timeout,timeout,timeout,timeout,timeout,FALSE
oski15a01b58s,timeout,timeout,timeout,timeout,timeout,timeout,timeout,FALSE
6s37,timeout,timeout,timeout,timeout,timeout,timeout,timeout,FALSE
oski15a08b02s,timeout,timeout,timeout,timeout,timeout,timeout,timeout,FALSE
intel065,timeout,timeout,timeout,timeout,timeout,timeout,timeout,FALSE
6s348b53,timeout,timeout,timeout,timeout,timeout,timeout,timeout,FALSE
6s382r,timeout,timeout,timeout,timeout,timeout,timeout,timeout,FALSE
6s341r,timeout,timeout,timeout,timeout,timeout,timeout,timeout,FALSE
oski1rub10i,timeout,timeout,timeout,timeout,timeout,timeout,timeout,FALSE
6s48p1,timeout,timeout,timeout,timeout,timeout,timeout,timeout,FALSE
bobsmhdlc1,timeout,timeout,timeout,timeout,timeout,timeout,timeout,FALSE
oski15a14b02s,timeout,timeout,timeout,timeout,timeout,timeout,timeout,FALSE
6s366r,timeout,timeout,timeout,timeout,timeout,timeout,timeout,FALSE
beempgsol4f1,timeout,timeout,timeout,timeout,timeout,timeout,timeout,FALSE
oc8051gmd7acc,timeout,timeout,timeout,timeout,timeout,timeout,timeout,FALSE
6s10,timeout,timeout,timeout,timeout,timeout,timeout,timeout,FALSE
6s365r,timeout,timeout,timeout,timeout,timeout,timeout,timeout,FALSE
pdtswvqis10x6p2,timeout,timeout,timeout,timeout,timeout,timeout,timeout,FALSE
oc8051gme2addr,timeout,timeout,timeout,timeout,timeout,timeout,timeout,FALSE
oc8051gm3bacc,timeout,timeout,timeout,timeout,timeout,timeout,timeout,FALSE
6s29,timeout,timeout,timeout,timeout,timeout,timeout,timeout,FALSE
6s191,timeout,timeout,timeout,timeout,timeout,timeout,timeout,FALSE
6s402rb0342,timeout,timeout,timeout,timeout,timeout,timeout,timeout,FALSE
oski15a10b08s,timeout,timeout,timeout,timeout,timeout,timeout,timeout,FALSE
6s24,timeout,timeout,timeout,timeout,timeout,timeout,timeout,FALSE
oc8051gm59data,timeout,timeout,timeout,timeout,timeout,timeout,timeout,FALSE
oski15a01b14s,timeout,timeout,timeout,timeout,timeout,timeout,timeout,FALSE
oski15a01b74s,timeout,timeout,timeout,timeout,timeout,timeout,timeout,FALSE
6s148,timeout,timeout,timeout,timeout,timeout,timeout,timeout,FALSE
